attempt_ref,NU_B1_001,NU_B1_002,NU_B1_003,NU_B1_004,NU_B1_005,NU_B1_006,NU_B1_007,NU_B1_008,NU_B1_009,NU_B1_010,NU_B1_011,NU_B1_012,NU_B1_013,NU_B1_014,NU_B1_015,NU_B1_016,NU_B1_017,NU_B1_018,NU_B1_019,NU_B1_020,NU_B1_021,NU_B1_022,NU_B1_023,NU_B1_024,NU_B1_025,NU_B1_026,NU_B1_027,NU_B1_028,NU_B1_029,NU_B1_030,NU_B1_031,NU_B1_032,NU_B1_033,NU_B1_034,NU_B1_035,NU_B1_036,NU_B1_037,NU_B1_038,NU_B1_039,NU_B1_040,NU_B1_041,NU_B1_042,NU_B1_043,NU_B1_044,NU_B1_045,NU_B1_046,NU_B1_047,NU_B1_048,NU_B1_049,NU_B1_050,NU_B1_051,NU_B1_052,NU_B1_053,NU_B1_054,NU_B1_055,NU_B1_056,NU_B1_057,NU_B1_058,NU_B1_059,NU_B1_060
synthetic-0001,3,,4,3,,3,2,1,3,3,5,5,1,1,1,4,3,5,2,3,5,4,3,2,2,4,4,4,3,4,2,3,3,4,4,3,2,4,4,2,3,1,3,,2,3,3,3,3,2,3,4,1,5,4,5,2,3,3,4
synthetic-0002,5,4,2,4,4,5,3,4,3,2,1,2,4,4,4,3,3,4,4,3,,2,2,5,3,3,4,3,3,4,5,4,4,3,4,4,4,2,2,2,4,5,1,3,4,4,4,5,2,2,3,1,3,3,3,3,2,4,3,4
synthetic-0003,3,2,5,3,2,4,1,1,4,1,2,5,1,4,,1,4,4,3,5,3,5,2,1,3,4,4,3,1,2,3,1,4,3,1,4,3,2,3,1,4,1,5,2,4,3,1,2,3,3,1,5,3,1,2,3,3,3,4,5
synthetic-0004,3,3,4,3,1,5,3,3,3,3,1,1,1,5,5,2,1,2,2,2,3,3,1,3,5,,2,2,4,2,5,3,3,3,2,4,4,4,2,1,2,4,5,4,3,4,1,4,2,1,5,2,1,4,4,2,1,2,4,2
synthetic-0005,3,4,1,3,3,4,3,1,2,5,3,2,5,5,1,3,3,5,2,2,4,3,3,4,3,3,3,5,2,2,2,4,2,3,3,5,3,2,3,5,4,5,2,3,2,2,5,1,2,5,2,3,5,5,2,3,2,5,2,3
synthetic-0006,1,5,3,4,2,1,4,4,2,4,4,2,4,2,4,5,1,5,1,1,5,2,4,1,4,5,2,4,5,1,1,5,3,3,3,1,4,4,1,4,1,5,3,4,1,1,5,3,3,5,5,3,4,3,2,5,1,2,3,1
synthetic-0007,5,3,2,5,3,5,3,5,4,1,1,5,2,3,2,2,,4,4,3,1,4,4,2,,1,2,3,3,5,4,4,3,4,3,3,,5,3,3,5,3,1,5,3,2,5,4,3,1,,2,3,2,,3,3,3,4,5
synthetic-0008,2,2,2,5,4,1,2,4,2,1,4,5,3,1,1,3,4,1,4,4,5,,1,2,3,5,5,2,5,5,3,3,3,5,,2,1,5,3,1,2,2,3,5,4,2,1,3,2,2,4,3,3,2,3,3,4,1,4,4
synthetic-0009,5,4,3,2,3,2,2,2,4,4,4,2,1,2,3,4,5,3,3,4,2,2,2,5,2,4,5,2,2,3,2,1,2,4,5,3,3,4,3,4,2,2,4,3,4,2,4,4,2,2,,2,2,2,3,4,4,1,1,2
synthetic-0010,1,4,1,3,4,1,4,2,3,2,5,2,4,1,2,4,3,2,2,2,5,,3,4,1,4,1,1,,3,2,4,1,3,4,2,3,3,5,1,2,3,4,2,5,3,4,4,2,2,5,3,3,4,4,5,4,3,3,2
synthetic-0011,5,3,4,3,4,2,3,3,3,3,4,5,2,2,2,3,5,2,2,4,2,5,3,3,1,4,4,,4,3,4,4,5,3,3,2,2,3,3,2,3,3,5,4,4,3,4,3,1,2,4,4,1,4,5,3,2,2,2,5
synthetic-0012,4,3,2,1,5,3,1,1,3,1,4,4,2,4,3,4,4,5,5,5,2,5,,5,4,2,5,5,4,5,4,2,4,1,3,2,3,1,1,1,3,5,,1,2,3,1,1,3,2,1,4,3,2,2,,5,3,4,5
synthetic-0013,1,3,3,3,1,3,5,3,3,1,5,1,3,2,4,4,2,,3,3,4,1,4,3,4,2,3,3,4,2,1,4,4,1,2,2,5,3,4,5,1,4,2,2,2,2,5,2,3,3,5,4,4,3,3,5,1,3,4,1
synthetic-0014,4,5,2,2,3,3,4,3,2,1,2,3,5,4,2,3,1,3,3,1,3,1,4,5,3,1,3,2,3,,,4,3,2,3,5,3,3,4,4,1,3,3,2,2,2,3,4,1,4,2,4,5,5,3,3,2,4,4,3
synthetic-0015,3,,3,5,1,,4,2,2,1,3,2,2,5,4,5,2,5,5,5,2,5,2,3,5,2,1,3,4,5,2,4,4,3,2,3,2,4,2,3,1,2,4,,2,1,4,4,1,2,4,2,1,3,5,3,2,5,4,2
synthetic-0016,3,2,4,3,2,3,2,1,2,2,5,3,5,4,4,5,5,2,2,3,5,5,5,2,4,4,3,,2,3,2,3,3,4,2,4,2,4,3,3,1,2,2,2,1,4,2,2,4,2,5,5,4,4,5,4,4,5,2,4
synthetic-0017,4,5,4,5,4,3,4,4,1,3,4,1,3,2,3,4,1,4,5,2,5,1,2,3,3,3,4,3,5,3,1,3,4,3,4,2,5,2,4,3,1,4,4,2,2,1,3,2,3,4,5,4,4,3,3,4,2,3,5,5
synthetic-0018,3,1,2,3,4,1,2,2,3,3,5,5,5,4,2,4,3,1,3,4,3,5,4,3,2,4,5,2,2,4,2,2,4,5,4,3,2,5,3,3,2,2,2,4,5,2,4,3,1,2,5,5,4,2,1,,2,2,,5
synthetic-0019,2,2,1,4,,2,1,2,4,1,3,5,5,2,2,3,3,4,5,,4,3,2,3,2,3,4,3,4,4,2,3,3,2,4,3,3,2,3,1,2,3,1,2,2,2,3,4,2,1,4,4,4,3,3,3,3,4,5,5
synthetic-0020,4,3,2,2,5,4,1,,1,4,2,3,4,4,3,3,2,5,4,3,2,3,3,2,1,3,5,2,4,3,5,3,1,4,4,3,3,3,1,4,3,3,2,4,3,2,2,1,,3,1,3,4,2,2,4,2,4,4,2
synthetic-0021,1,3,2,3,3,2,4,3,2,5,3,1,4,4,5,4,1,4,2,3,5,3,3,4,4,3,2,2,2,2,3,4,1,2,5,1,5,1,4,5,3,5,1,4,1,1,5,2,5,5,5,3,4,4,4,2,1,5,1,4
synthetic-0022,3,3,5,4,4,3,5,4,4,5,3,3,3,1,3,1,1,1,1,1,2,5,1,2,3,1,2,3,4,1,3,3,3,3,4,5,4,4,3,5,1,2,4,3,5,4,5,3,1,3,3,4,2,4,3,1,2,3,5,1
synthetic-0023,3,5,4,1,5,2,2,3,4,3,3,3,2,2,3,3,2,4,5,3,1,2,3,5,3,3,5,5,3,4,4,2,5,4,3,4,2,2,2,3,4,1,2,1,,3,2,1,2,2,3,5,2,2,4,4,4,4,4,3
synthetic-0024,4,2,2,3,1,2,,3,4,3,2,5,4,4,5,2,2,2,3,4,2,2,5,2,4,,,4,4,3,5,3,1,2,3,4,3,2,2,2,3,5,3,2,1,4,3,3,2,5,2,3,4,3,4,3,3,3,3,4
synthetic-0025,2,4,3,1,4,3,5,3,3,3,4,4,2,3,2,5,3,4,5,1,4,3,4,4,2,2,1,3,4,2,3,2,3,2,3,,5,2,1,4,2,3,1,2,3,2,3,2,2,2,4,4,4,3,3,3,2,4,5,1
synthetic-0026,2,3,1,3,3,1,2,2,5,2,4,3,5,5,2,5,,5,1,3,4,3,5,5,2,3,4,5,2,3,3,3,1,3,2,3,3,1,5,2,2,,1,1,4,1,3,2,3,2,5,2,4,4,3,4,5,5,1,2
synthetic-0027,3,4,3,1,3,1,4,2,3,,2,2,3,5,1,5,3,5,4,1,3,5,3,4,2,5,3,5,4,2,1,4,5,3,5,1,4,1,5,5,1,5,2,4,4,2,3,3,4,,5,3,4,5,3,5,4,5,4,5
synthetic-0028,4,3,1,2,3,2,1,1,3,4,2,3,5,5,4,4,4,5,4,4,1,3,5,5,4,3,4,5,2,3,3,2,1,3,3,2,2,2,3,3,3,2,3,2,3,1,2,3,3,4,4,2,4,5,4,3,1,5,3,3
synthetic-0029,4,2,5,4,1,4,2,2,2,1,1,4,2,4,5,3,4,2,4,4,1,5,1,3,5,2,3,2,5,5,5,1,5,4,3,3,2,2,2,1,4,2,,4,1,2,1,3,2,2,2,5,1,1,5,,5,4,4,4
synthetic-0030,3,2,,4,1,3,4,4,4,3,4,2,1,3,5,1,4,5,2,5,1,4,1,,4,3,5,3,2,5,3,3,4,4,3,3,2,3,4,1,3,3,5,3,2,5,1,2,5,,2,2,2,1,4,1,5,3,,4
synthetic-0031,4,3,3,3,2,5,4,2,2,3,4,3,5,2,3,2,3,2,5,1,1,5,3,3,4,5,5,4,4,,4,4,1,,4,5,4,3,1,3,2,2,3,3,2,3,2,4,2,2,3,3,,,2,2,3,3,4,3
synthetic-0032,3,2,4,4,4,4,4,,3,5,3,4,1,2,2,3,1,4,1,2,3,4,2,1,2,4,2,3,2,3,3,3,4,4,5,3,5,5,4,,2,4,5,4,4,2,4,4,4,3,4,3,3,3,1,4,1,2,1,1
synthetic-0033,2,1,4,4,4,1,4,4,3,2,5,2,3,1,3,5,2,,1,4,4,4,3,1,3,4,3,2,1,,3,2,5,5,4,1,3,5,5,4,1,3,5,3,5,1,3,3,3,3,4,4,2,3,1,5,3,3,2,
synthetic-0034,4,3,3,5,5,5,1,5,5,1,3,4,3,3,1,3,4,1,2,5,5,,3,3,1,2,5,1,1,5,2,2,3,4,5,4,3,5,5,2,2,3,1,4,5,5,2,5,5,1,4,2,4,1,1,3,4,2,1,5
synthetic-0035,5,2,5,2,5,3,4,2,5,3,2,3,4,4,1,1,3,4,1,4,1,5,3,3,1,3,3,5,3,1,5,4,3,4,4,3,3,2,,2,3,3,4,3,4,4,4,4,5,4,2,3,2,4,1,3,4,1,2,2
synthetic-0036,2,1,5,4,5,3,3,2,5,4,2,4,2,2,2,3,3,4,1,3,2,4,2,2,2,5,3,3,2,5,4,2,4,4,5,2,2,4,3,2,3,2,5,3,4,3,4,2,5,2,5,2,3,2,2,5,3,4,3,1
synthetic-0037,5,4,2,3,4,4,2,2,5,5,2,2,2,1,1,2,1,3,2,3,2,1,3,3,1,4,1,4,1,,5,,4,3,5,5,5,2,5,5,4,4,5,3,3,5,2,2,5,5,2,1,3,3,2,1,2,3,2,1
synthetic-0038,2,2,2,3,2,4,2,4,4,3,2,2,3,3,4,3,5,2,3,3,2,3,4,4,4,2,3,2,2,3,3,2,3,3,1,2,1,3,3,3,2,2,3,3,2,5,4,4,3,2,3,5,3,1,5,4,5,2,1,5
synthetic-0039,,3,2,3,2,4,2,3,,2,4,2,5,3,4,3,5,5,3,2,3,1,3,3,3,1,3,3,3,3,1,5,3,3,2,2,4,3,2,3,4,5,1,3,1,2,3,5,2,3,3,2,3,3,,5,2,2,5,5
synthetic-0040,3,3,4,3,2,2,1,,3,2,1,3,3,4,5,2,3,2,3,,3,5,1,4,4,3,1,4,3,3,3,3,2,3,2,4,3,3,4,1,,2,3,1,2,3,2,2,2,2,4,,2,1,5,3,3,2,4,2
synthetic-0041,3,4,5,2,3,4,5,2,5,2,1,2,2,4,2,2,2,4,2,4,2,3,2,4,3,1,5,5,2,3,3,3,3,3,4,5,4,1,4,5,5,3,5,2,3,5,5,1,5,4,2,3,1,4,4,1,4,3,4,3
synthetic-0042,4,,1,1,3,4,5,1,4,3,2,3,4,5,1,3,3,5,2,1,1,2,5,5,2,3,2,5,3,3,4,4,2,1,5,3,4,1,3,4,5,4,1,1,4,3,4,1,5,5,4,2,4,5,2,3,2,5,2,2
synthetic-0043,3,4,3,2,4,4,4,3,3,3,3,2,3,5,4,1,4,2,2,4,4,2,1,3,1,2,2,2,5,3,5,2,1,4,3,2,,4,3,3,2,4,2,3,2,3,5,4,3,2,4,3,3,4,3,4,2,2,4,3
synthetic-0044,3,5,3,1,4,5,4,2,4,5,3,2,2,5,3,2,3,4,4,3,3,3,3,4,4,1,2,4,3,1,3,5,4,4,4,5,3,1,3,4,2,5,3,5,4,5,4,1,4,4,3,2,2,5,3,2,2,5,1,2
synthetic-0045,3,4,1,1,1,3,2,2,3,4,4,2,4,5,,4,2,3,5,3,2,2,4,5,5,2,1,5,3,2,5,3,2,3,1,4,3,1,2,4,4,4,2,4,1,4,3,1,2,5,,2,3,4,5,4,3,4,5,1
synthetic-0046,3,3,5,2,3,2,1,3,5,2,5,3,2,4,1,3,5,4,4,4,5,5,2,4,2,5,5,4,2,4,2,3,4,2,3,2,1,3,1,1,3,2,4,1,4,2,3,2,4,3,4,4,4,4,4,3,3,,3,5
synthetic-0047,1,4,3,1,5,1,3,1,5,3,4,3,2,4,2,2,3,2,1,3,3,3,2,4,1,2,1,3,1,3,2,3,4,2,5,2,3,2,5,2,1,2,4,3,4,3,5,1,5,2,5,3,1,5,1,3,4,3,2,2
synthetic-0048,3,5,4,3,4,3,2,2,2,4,3,2,2,3,4,2,4,3,4,3,3,2,4,4,2,3,2,2,2,2,4,5,4,3,3,5,4,4,4,4,3,5,4,2,3,4,4,3,2,3,2,3,2,4,,,2,1,3,1
synthetic-0049,2,2,3,4,5,1,1,5,5,2,4,5,,4,1,4,2,1,2,4,5,5,4,4,1,5,5,3,1,5,1,,3,3,5,,1,5,4,1,2,1,4,2,3,2,2,5,5,1,4,5,1,3,3,5,5,,2,4
synthetic-0050,1,3,3,4,5,,3,3,4,2,1,5,4,3,3,5,2,2,2,1,4,2,3,1,2,3,2,1,2,1,3,2,4,4,5,3,4,1,5,2,2,1,2,5,3,2,2,2,5,3,3,4,4,3,2,3,2,4,2,4
synthetic-0051,3,3,4,,5,5,2,2,3,4,1,,1,1,3,3,2,3,3,1,1,1,1,3,3,1,3,3,3,2,3,5,5,4,3,3,3,3,2,5,4,5,5,5,,3,4,3,3,4,2,1,3,1,3,2,2,2,2,1
synthetic-0052,1,4,3,4,3,1,3,4,5,3,5,2,4,3,2,5,4,5,2,3,2,2,3,4,4,4,3,2,1,1,3,5,2,4,4,2,3,4,4,2,1,3,2,2,4,2,2,4,5,5,5,2,4,,2,5,,4,,3
synthetic-0053,5,3,4,3,2,4,5,4,4,5,2,3,4,4,2,2,2,1,2,2,1,1,2,4,3,2,3,2,4,2,5,4,3,2,1,4,5,3,4,3,4,4,4,2,2,4,5,4,2,,3,2,4,5,2,1,1,3,,1
synthetic-0054,3,2,3,2,3,2,4,4,2,2,3,4,4,5,2,3,1,1,3,3,2,4,4,4,4,4,4,4,4,2,2,2,3,1,,4,2,3,3,,4,2,3,3,3,3,3,3,4,2,4,4,2,3,1,4,4,2,4,4
synthetic-0055,5,4,4,1,4,5,4,1,3,5,2,2,1,4,3,2,1,4,4,3,2,2,1,5,2,1,1,5,3,2,5,5,4,2,4,5,2,3,4,3,4,5,4,3,4,5,4,1,4,4,2,1,2,,2,2,2,5,2,2
synthetic-0056,1,1,2,2,4,1,1,1,1,2,1,3,5,4,4,2,4,4,3,2,3,4,5,2,4,2,5,3,3,3,4,4,1,3,3,4,1,2,2,1,2,2,1,1,2,4,2,4,2,3,2,3,4,5,3,2,,3,5,3
synthetic-0057,5,2,5,5,5,4,2,4,4,1,2,4,1,,2,4,4,3,3,5,3,3,1,2,2,2,5,4,2,4,5,3,5,5,5,4,1,4,5,1,3,2,5,3,4,5,1,3,4,3,3,5,1,2,2,1,5,3,2,
synthetic-0058,3,3,1,5,1,3,3,5,4,2,4,3,5,2,3,5,4,2,4,3,4,1,4,3,5,4,2,1,4,4,3,1,2,4,2,1,2,3,2,3,3,5,3,4,2,1,,4,3,2,4,4,3,3,2,4,3,1,3,2
synthetic-0059,4,1,4,3,2,5,1,4,1,1,1,5,3,3,5,1,5,1,5,3,1,5,2,1,4,1,5,1,3,4,5,2,4,4,1,4,1,4,2,3,5,1,2,4,4,4,2,4,3,2,1,5,3,2,5,1,4,3,4,3
synthetic-0060,2,2,2,4,2,4,4,3,4,2,5,3,2,4,4,3,3,2,2,3,,2,1,1,3,3,4,4,1,2,2,,5,3,4,2,5,3,5,3,2,1,5,4,2,4,4,5,4,4,3,3,1,2,3,2,3,4,3,3
synthetic-0061,4,3,3,3,2,5,,4,4,3,2,5,4,3,2,4,3,2,3,3,2,3,5,4,3,2,4,1,4,4,4,1,1,2,3,3,4,2,3,2,5,2,2,2,1,3,5,4,2,2,2,4,3,4,3,5,4,2,2,5
synthetic-0062,5,2,1,1,2,4,3,3,2,3,1,5,4,5,1,2,5,5,3,4,1,5,5,5,5,1,2,5,4,5,5,,3,1,3,4,3,1,4,3,5,1,1,1,4,3,5,4,3,2,1,5,5,2,2,1,3,4,3,
synthetic-0063,3,1,2,2,1,4,3,3,1,2,2,5,2,5,5,1,3,3,4,4,2,5,3,,4,1,4,,3,5,4,2,3,1,1,5,4,4,1,2,4,1,2,2,1,4,2,4,1,2,3,5,3,3,4,1,5,,5,4
synthetic-0064,5,3,2,4,3,3,2,4,4,2,,4,3,2,1,,4,1,3,4,1,4,3,2,2,3,3,1,3,4,3,2,3,2,4,4,4,4,3,4,1,2,4,3,4,2,2,5,3,1,3,5,5,2,3,3,4,1,2,1
synthetic-0065,2,4,3,1,3,4,3,5,5,2,2,2,4,3,1,2,5,1,1,3,3,2,5,2,2,1,5,1,3,5,4,4,,4,3,5,2,5,4,2,,1,4,2,4,4,3,,3,4,2,3,2,3,3,2,4,2,2,4
synthetic-0066,1,3,4,3,3,5,4,2,2,5,2,3,2,2,4,3,1,4,4,1,4,2,1,3,3,4,2,3,3,2,2,,4,2,,3,4,3,2,3,1,5,3,3,1,3,4,4,2,5,3,2,1,3,3,1,3,5,3,1
synthetic-0067,3,1,3,4,2,3,5,2,2,1,4,4,4,3,4,3,4,3,5,4,4,5,4,1,4,1,2,4,5,5,2,1,,3,2,3,4,2,,1,2,1,3,4,3,4,1,1,2,2,1,5,5,2,3,,5,5,5,5
synthetic-0068,3,4,5,5,2,2,5,4,3,5,3,4,3,3,5,2,2,1,3,4,,3,1,3,3,3,,4,2,2,3,2,4,3,2,3,5,2,2,5,2,4,4,3,1,1,4,3,4,5,5,1,3,3,2,3,3,4,3,2
synthetic-0069,1,2,2,2,3,2,2,2,5,4,4,4,,5,1,5,5,5,3,3,4,4,4,5,1,3,5,4,1,4,3,1,4,3,4,2,1,2,2,4,1,2,3,2,3,2,2,1,2,2,4,5,4,5,2,4,3,4,1,5
synthetic-0070,4,2,3,3,3,4,3,3,5,1,1,3,2,,5,3,2,3,3,3,4,3,4,2,2,2,2,4,3,4,4,3,4,4,3,4,2,3,5,3,4,2,3,4,4,3,4,3,3,2,3,3,2,2,3,1,5,1,3,3
synthetic-0071,1,,4,1,1,3,1,4,3,4,3,3,3,5,4,5,2,4,2,4,5,2,3,4,4,4,5,,2,5,2,4,3,2,2,2,4,1,4,3,2,,3,2,2,1,5,1,5,3,5,3,5,4,,3,3,4,2,
synthetic-0072,3,1,3,3,2,4,2,5,4,3,1,4,3,4,2,4,2,4,3,3,1,4,3,3,3,1,3,3,3,2,4,4,5,2,3,5,4,3,4,4,1,3,5,5,3,3,4,5,3,3,1,3,2,3,4,4,4,2,1,3
synthetic-0073,4,3,1,1,5,5,1,3,3,2,2,4,5,3,2,1,4,5,3,4,1,4,5,3,1,1,3,4,4,4,4,2,1,4,5,4,1,1,3,2,4,2,1,2,,5,4,2,5,4,2,4,4,1,2,2,2,4,1,3
synthetic-0074,2,1,3,4,2,,4,3,2,2,5,2,2,1,1,4,2,1,1,2,3,2,3,1,4,3,1,1,3,2,,4,4,3,2,2,4,2,4,2,1,4,4,5,3,4,3,3,4,4,5,3,4,4,2,4,2,3,2,2
synthetic-0075,1,4,2,1,5,1,3,1,2,5,4,1,5,3,1,4,3,5,2,4,2,3,4,4,,5,4,4,2,3,2,3,3,2,4,3,4,2,3,3,2,4,1,3,4,2,3,3,5,5,4,2,3,4,2,4,5,5,3,2
synthetic-0076,5,2,4,3,1,5,1,3,1,3,1,4,1,4,3,3,4,4,5,5,3,2,3,4,5,1,4,5,5,5,4,2,2,1,2,4,1,2,1,2,5,2,4,1,1,5,2,3,1,1,2,3,3,5,5,2,5,3,5,3
synthetic-0077,2,2,2,2,3,4,3,2,2,1,3,2,5,2,3,3,2,3,2,3,1,1,5,3,2,4,4,4,3,4,3,2,2,3,3,3,4,2,4,2,2,5,1,2,,4,3,3,5,1,3,4,5,1,4,3,2,4,1,2
synthetic-0078,2,3,2,4,2,3,5,4,5,2,5,1,5,2,5,5,3,2,4,2,2,2,3,2,3,4,2,1,3,2,1,5,1,2,2,1,3,3,1,5,3,5,2,3,4,1,5,4,4,5,3,3,5,3,2,4,2,2,3,2
synthetic-0079,1,2,3,4,2,3,1,4,3,2,3,4,5,1,3,4,4,1,,4,2,5,5,1,5,5,3,1,2,4,2,2,2,5,3,1,1,3,4,2,5,4,4,5,2,2,2,5,4,4,4,4,2,1,,4,4,,3,4
synthetic-0080,5,2,3,3,5,3,2,3,4,1,4,3,3,3,1,2,4,2,1,5,5,3,5,3,1,,3,3,1,5,4,2,2,3,5,3,2,,4,4,4,2,3,2,5,2,1,4,4,1,3,3,3,4,1,3,5,3,2,4
synthetic-0081,4,3,4,2,4,3,3,4,3,3,3,5,4,3,3,,3,1,2,,3,3,1,2,2,3,3,2,2,3,2,2,5,3,5,4,1,4,4,3,2,1,5,4,5,5,2,3,5,2,2,4,4,2,2,4,5,,2,2
synthetic-0082,2,4,4,1,2,1,2,1,2,4,2,2,5,5,4,4,3,4,2,2,2,2,3,5,5,5,2,5,5,2,2,4,3,1,1,3,2,2,4,4,,3,3,1,1,1,3,1,1,4,3,1,3,5,5,5,3,5,5,4
synthetic-0083,4,2,3,3,4,3,4,3,5,2,2,3,2,3,3,4,3,2,2,2,2,2,2,4,2,4,3,2,2,4,4,2,3,1,3,2,4,3,4,2,5,5,4,1,5,3,4,2,5,3,1,3,2,5,3,3,5,4,1,2
synthetic-0084,5,4,2,2,3,4,2,3,1,4,2,4,4,5,4,4,3,4,5,4,,2,2,5,4,4,4,4,3,4,3,4,2,2,2,3,2,5,3,2,3,3,2,3,3,3,2,3,2,3,2,3,3,4,3,4,3,5,4,4
synthetic-0085,3,1,2,1,2,3,1,3,3,2,3,5,1,4,3,5,4,4,2,5,5,5,1,5,3,3,5,4,3,,1,1,4,1,4,2,3,1,4,1,1,2,4,2,5,3,2,1,2,1,2,5,3,5,1,2,4,3,3,4
synthetic-0086,4,5,1,1,2,3,2,2,1,2,1,2,2,5,5,,1,3,4,5,2,1,4,5,4,1,2,5,4,3,4,5,1,2,5,5,4,2,1,2,4,5,2,3,3,3,3,4,3,4,1,3,2,5,3,3,1,5,4,4
synthetic-0087,1,3,1,2,5,2,2,3,3,2,4,5,4,3,,4,2,4,1,2,5,,4,3,3,5,5,2,2,3,2,2,3,3,4,1,2,4,5,1,3,4,2,3,3,1,2,3,4,2,4,5,5,4,3,3,3,4,3,4
synthetic-0088,5,5,4,4,5,1,5,2,3,4,2,1,1,4,2,4,2,2,4,1,1,3,1,3,2,5,1,2,5,1,3,3,5,,4,2,3,3,3,4,3,5,4,3,3,1,5,3,1,4,3,3,2,5,2,5,1,3,2,1
synthetic-0089,1,4,3,2,3,4,4,2,4,5,3,3,2,1,4,2,3,3,,2,3,4,3,2,3,1,4,1,1,2,3,4,3,3,4,2,,3,5,3,2,2,5,3,5,2,3,3,4,3,5,3,4,2,1,2,4,2,4,3
synthetic-0090,4,5,5,4,1,4,3,4,1,4,2,3,1,4,5,1,5,1,5,3,2,2,1,4,5,2,2,3,5,3,4,2,5,4,1,,2,5,1,4,5,2,5,2,2,5,3,4,2,2,1,2,2,3,5,3,2,3,5,3
synthetic-0091,5,2,4,5,4,4,1,3,4,3,2,3,1,3,3,3,3,2,3,2,1,3,1,,3,1,4,5,1,2,4,2,5,2,3,2,1,4,4,2,5,3,4,2,2,5,2,3,5,3,3,5,3,2,3,4,4,2,1,1
synthetic-0092,4,3,,4,1,4,3,4,1,4,3,2,5,3,,3,1,2,,1,1,3,4,4,3,2,3,2,5,2,3,3,2,3,2,5,3,5,1,4,5,4,1,4,2,3,3,4,,3,2,2,5,3,3,2,2,1,3,5
synthetic-0093,3,5,1,1,3,4,2,3,2,4,2,2,4,2,4,2,5,5,5,3,2,2,5,5,3,2,5,3,4,2,4,3,2,1,2,4,1,1,2,3,5,3,3,4,2,4,3,1,2,2,1,1,4,2,3,3,5,4,1,2
synthetic-0094,3,3,4,5,2,3,4,4,2,4,3,3,4,1,5,5,4,,5,2,4,3,1,2,5,3,2,,5,2,5,2,3,5,1,3,3,2,1,2,4,4,4,3,1,3,4,3,1,3,4,1,3,1,5,3,2,2,,2
synthetic-0095,,,2,3,1,4,4,5,3,3,4,5,5,2,4,3,3,1,3,4,3,2,5,2,,1,3,1,2,3,,1,2,3,3,2,3,5,3,3,5,3,2,5,5,3,5,5,2,2,4,4,3,1,2,3,3,2,5,5
synthetic-0096,1,2,4,3,5,1,3,2,4,2,3,3,2,3,1,5,3,5,3,4,5,3,3,3,1,5,3,4,3,3,2,2,5,3,5,1,,2,,3,1,3,3,4,5,1,3,3,3,3,5,4,2,3,2,4,2,2,3,2
synthetic-0097,1,3,4,5,3,1,4,1,2,4,4,1,3,3,5,5,3,5,2,3,4,,3,,4,5,4,5,4,4,2,2,2,,1,1,,2,2,4,1,4,4,2,1,1,5,1,2,2,5,3,4,3,4,2,4,5,4,3
synthetic-0098,3,3,2,3,4,4,5,1,3,2,2,1,4,4,1,2,3,5,3,2,1,2,3,4,1,3,,5,1,2,5,3,1,3,4,2,4,2,3,4,4,5,2,4,2,3,2,1,3,4,1,1,5,3,3,5,2,5,3,3
synthetic-0099,3,4,3,2,3,2,2,1,1,4,3,1,2,4,4,5,4,4,5,1,3,2,2,5,4,,2,2,5,4,3,3,5,3,2,,3,2,1,3,3,3,4,4,2,2,3,2,4,1,2,2,1,3,4,4,4,5,5,5
synthetic-0100,4,1,5,5,3,5,5,5,4,1,2,5,1,4,3,1,5,1,4,5,2,5,1,1,3,1,4,1,4,5,5,2,5,4,3,4,2,5,3,2,5,1,5,3,2,5,1,4,2,1,3,5,1,2,1,3,5,3,2,4
synthetic-0101,3,2,1,4,2,2,2,5,1,4,,5,2,1,4,2,4,1,5,4,5,5,5,1,4,4,4,2,5,3,4,2,1,5,4,2,1,5,1,1,3,1,2,5,1,2,3,3,1,5,3,5,3,2,3,5,4,1,5,1
synthetic-0102,4,1,3,2,2,3,1,4,4,2,2,4,3,4,5,3,5,2,2,1,3,5,3,4,5,2,3,2,2,2,4,1,3,2,1,2,2,4,4,2,4,1,2,2,1,3,1,4,2,3,,4,2,5,5,3,5,4,4,5
synthetic-0103,3,5,3,4,2,2,5,,3,4,2,1,4,1,4,3,2,3,4,3,2,2,3,4,3,3,2,3,2,3,4,5,3,3,5,3,3,1,4,5,4,5,3,2,2,3,3,1,2,3,3,2,1,2,2,2,2,5,2,3
synthetic-0104,4,3,3,3,4,3,4,1,2,3,4,3,2,4,4,4,3,2,5,2,4,3,3,3,3,3,3,3,2,3,5,3,4,2,3,2,4,2,3,1,3,3,5,3,4,,3,3,1,4,2,2,1,2,4,3,3,4,3,4
synthetic-0105,3,3,2,5,1,3,3,5,1,4,2,4,3,1,1,1,2,1,3,3,3,4,3,1,2,1,4,1,3,4,5,3,2,5,2,,4,5,1,4,5,5,3,5,4,4,4,5,,5,1,1,4,1,5,1,3,1,5,4
synthetic-0106,4,1,2,3,4,3,2,5,4,2,3,4,3,2,1,2,5,3,2,5,2,5,4,4,4,5,3,2,2,5,4,2,4,4,5,2,1,3,3,1,2,1,4,3,4,2,1,5,3,2,3,5,4,1,4,2,5,2,5,2
synthetic-0107,3,4,3,,1,1,,3,2,3,1,3,2,4,5,4,2,,5,3,,1,4,1,4,5,3,4,4,4,2,4,4,3,,1,4,2,3,3,2,2,4,3,1,1,2,3,2,3,5,5,3,3,5,5,2,,5,2
synthetic-0108,3,4,1,5,4,4,,4,4,4,5,3,4,1,1,4,3,3,1,1,4,2,5,2,3,3,2,3,3,1,5,3,4,5,5,4,3,5,1,4,3,3,2,4,2,4,3,5,3,3,3,3,4,1,2,2,3,3,1,3
synthetic-0109,2,2,3,2,4,3,3,4,4,,3,4,4,3,2,4,3,4,4,4,3,3,4,1,1,4,4,2,1,4,1,4,2,3,4,1,2,3,2,1,3,2,2,3,5,2,4,3,3,4,4,2,3,2,1,5,3,2,2,4
synthetic-0110,3,5,3,3,,2,4,3,4,2,4,2,5,3,4,3,2,3,5,5,3,2,2,2,5,4,2,3,5,3,2,2,2,3,1,1,3,3,1,5,4,5,3,3,3,2,2,4,2,3,3,4,1,1,5,3,3,4,3,3
synthetic-0111,5,2,3,2,1,1,3,2,1,4,4,4,2,5,3,1,,5,3,1,2,3,3,4,5,3,2,3,3,3,3,4,3,2,1,4,4,1,4,3,3,3,2,1,1,2,4,4,2,4,3,4,4,3,5,1,1,3,2,1
synthetic-0112,2,1,4,1,3,3,1,,3,3,1,4,4,3,3,5,4,3,2,4,5,4,3,4,5,2,2,3,3,4,2,3,4,1,3,2,3,1,2,4,2,2,3,2,4,4,3,5,2,4,3,4,5,4,4,4,3,5,4,5
synthetic-0113,2,3,3,2,5,3,2,4,3,2,3,4,3,2,1,2,1,2,2,4,3,1,4,3,1,4,3,2,1,4,3,4,1,4,4,3,3,5,5,2,4,4,2,2,3,4,4,4,3,3,5,2,4,4,4,5,2,1,2,4
synthetic-0114,3,3,1,3,1,4,4,5,1,2,5,5,4,3,2,3,2,2,5,4,3,4,5,1,5,5,1,1,4,1,3,2,1,4,2,1,4,4,1,2,4,2,2,3,1,4,1,5,2,2,3,3,5,4,3,5,3,1,5,4
synthetic-0115,5,3,1,2,3,4,2,2,4,2,1,2,2,5,2,3,3,3,4,4,2,3,3,5,3,3,,4,2,5,5,2,2,3,3,5,4,1,3,3,4,2,4,3,2,3,3,4,3,3,2,4,1,5,3,1,4,3,2,3
synthetic-0116,4,2,4,2,2,2,4,1,5,2,4,,5,5,3,2,4,2,1,2,1,2,4,2,3,2,4,4,4,2,5,3,5,3,2,5,5,3,3,5,3,5,4,1,3,4,4,2,3,4,5,,2,4,2,2,3,2,3,2
synthetic-0117,5,4,1,4,2,2,3,5,2,1,3,4,5,1,2,5,4,1,4,4,2,3,4,3,1,3,3,2,5,3,4,4,3,5,2,4,2,5,2,1,3,1,4,5,2,3,1,4,1,4,4,5,4,1,3,2,5,2,4,5
synthetic-0118,,2,3,3,2,3,2,5,4,1,5,5,1,,4,3,2,2,4,3,3,5,2,2,3,2,5,5,4,3,2,1,3,3,2,3,2,4,4,3,2,1,3,3,2,2,1,2,2,1,2,5,,3,4,3,4,3,4,4
synthetic-0119,5,3,2,5,3,3,5,4,2,5,2,2,4,3,4,3,1,3,4,3,3,4,,,3,4,2,2,4,2,1,2,4,4,2,4,5,2,2,3,1,2,3,5,3,3,5,2,1,4,4,3,2,3,1,3,1,3,3,1
synthetic-0120,5,2,4,3,4,4,2,4,3,,3,4,3,3,3,1,1,4,3,1,2,4,2,,3,2,2,1,3,2,3,3,4,2,2,3,1,4,3,4,5,3,5,,3,4,4,4,,3,3,4,1,3,2,1,1,2,2,3
synthetic-0121,2,4,,2,,4,4,2,2,3,3,3,4,3,5,4,4,3,3,4,2,4,3,3,3,4,4,,4,4,2,3,1,2,,1,,2,2,2,3,4,2,2,2,3,2,,1,2,4,2,,4,5,5,,3,5,4
synthetic-0122,5,2,1,2,2,3,2,4,3,3,1,3,4,4,4,3,4,3,4,5,3,5,5,3,2,1,1,3,5,3,3,4,1,4,1,,1,4,2,1,3,3,4,3,3,4,2,5,1,3,3,2,4,3,2,2,2,1,3,4
synthetic-0123,3,3,1,5,1,3,5,4,5,5,3,4,4,2,3,3,3,3,2,2,4,3,5,3,3,3,4,4,2,4,5,4,2,2,2,3,3,3,4,2,4,4,1,4,2,4,2,2,4,3,1,,5,4,4,3,3,4,4,1
synthetic-0124,3,4,5,4,2,4,5,2,4,5,3,2,1,3,4,2,2,2,1,3,2,4,2,4,4,2,2,5,4,2,5,2,5,3,,4,,3,5,3,4,4,4,2,3,2,4,3,4,,3,,2,4,4,4,2,3,3,3
synthetic-0125,1,4,3,4,4,2,3,4,5,4,4,3,3,4,2,3,3,1,3,4,2,3,3,5,1,5,3,2,3,2,4,4,3,3,4,1,4,3,4,4,2,4,2,2,4,1,1,2,4,4,3,,3,4,1,5,4,4,2,2
synthetic-0126,1,3,3,4,5,3,4,2,4,2,2,4,3,3,2,2,1,3,1,2,1,1,3,3,2,2,2,3,1,3,2,3,5,4,3,3,4,2,,4,3,3,3,3,4,3,4,3,3,3,2,2,3,1,3,3,2,3,3,1
synthetic-0127,3,5,2,2,3,5,5,3,,2,4,2,4,3,1,4,1,4,1,,1,4,3,2,1,3,2,3,3,3,4,4,3,4,5,4,5,2,5,4,5,4,2,2,4,4,5,4,5,5,2,2,4,3,1,4,2,4,1,3
synthetic-0128,2,2,4,5,1,1,2,3,1,3,2,2,1,1,5,3,2,4,5,3,1,2,4,3,5,5,4,3,5,,2,2,3,2,1,2,3,3,2,2,2,2,5,5,2,1,5,4,1,4,2,3,3,2,3,4,3,3,5,
synthetic-0129,,4,4,3,2,1,4,4,2,3,5,3,2,3,4,5,3,2,4,1,3,2,1,2,2,5,3,2,5,4,1,3,5,4,2,1,4,1,3,2,1,3,4,3,2,1,2,3,4,2,4,4,1,2,4,5,3,2,,5
synthetic-0130,3,2,3,4,4,1,2,3,3,3,,3,5,3,3,4,1,4,2,1,4,3,5,4,,3,1,3,3,1,2,4,2,4,3,3,3,2,4,5,2,5,2,3,2,1,5,2,3,4,4,4,4,3,1,3,2,4,3,1
synthetic-0131,5,3,5,2,1,3,3,3,2,4,,2,1,3,5,2,2,3,2,3,1,3,3,4,5,1,2,2,5,1,3,4,3,3,1,5,4,3,1,4,5,4,3,5,2,5,4,3,1,5,2,3,1,4,4,1,1,2,5,3
synthetic-0132,3,2,4,2,3,1,2,4,4,1,5,2,5,2,2,4,5,3,2,2,4,3,2,2,3,5,3,3,2,5,2,4,3,3,4,1,3,3,4,1,3,3,4,3,4,1,2,4,3,2,2,5,1,3,2,5,4,3,2,4
synthetic-0133,4,3,4,2,3,4,1,4,4,3,2,3,4,3,3,3,3,1,3,3,1,4,3,4,4,1,4,2,3,3,5,3,2,,2,4,,5,1,3,5,3,3,3,1,5,2,2,2,1,3,5,1,3,2,,2,3,3,4
synthetic-0134,2,2,2,2,1,1,3,5,5,5,5,2,2,3,5,5,3,1,3,5,5,3,4,2,3,3,2,2,1,2,2,5,4,4,4,1,2,4,3,3,2,5,3,4,2,2,4,5,4,4,4,1,3,4,3,3,4,2,5,3
synthetic-0135,2,4,4,2,5,2,5,3,1,,4,1,2,3,2,5,2,2,5,1,3,1,1,2,2,5,3,3,3,2,2,5,5,5,5,1,5,3,2,4,4,4,2,3,2,2,2,3,2,5,4,2,2,2,3,5,1,3,4,2
synthetic-0136,4,5,4,2,4,4,4,2,3,,5,1,2,4,4,4,1,5,2,1,,,3,4,2,3,2,3,3,1,3,5,3,1,4,2,4,1,3,5,4,4,3,3,5,3,4,1,2,4,2,1,2,4,3,,1,,3,1
synthetic-0137,3,4,5,4,4,1,5,4,4,3,4,2,1,1,2,1,4,1,3,2,3,4,1,2,2,4,5,2,3,3,4,2,5,3,4,2,5,4,3,3,3,5,5,5,3,2,4,5,,4,3,3,1,1,4,4,5,1,3,1
synthetic-0138,4,2,1,4,2,2,3,5,3,2,4,3,5,1,5,4,4,1,5,3,5,3,5,3,4,3,2,2,5,1,2,3,2,4,3,2,2,5,1,4,2,4,1,4,3,1,2,5,2,3,3,4,5,2,3,4,3,1,3,4
synthetic-0139,5,3,5,2,1,4,4,5,2,3,4,2,2,2,5,2,4,4,5,3,2,4,4,2,4,2,2,4,4,2,4,1,,2,3,4,5,3,4,4,3,2,1,1,1,4,3,1,2,3,1,4,,3,5,4,3,3,5,3
synthetic-0140,2,,4,4,,1,4,1,1,4,4,4,2,4,5,4,1,1,3,1,3,2,2,3,4,4,1,,4,2,3,4,4,1,2,2,5,2,3,5,2,2,3,4,3,4,4,3,2,4,3,2,2,3,5,4,2,3,3,2
synthetic-0141,3,3,3,4,3,4,4,3,4,3,3,3,2,2,3,,3,5,3,3,1,3,2,3,2,3,3,2,2,3,4,3,3,3,3,5,3,3,4,3,2,4,1,3,2,4,3,3,2,4,3,3,3,1,3,3,2,5,2,3
synthetic-0142,4,4,3,3,5,4,3,5,5,4,4,5,4,2,2,4,4,2,1,1,5,3,4,3,2,3,2,1,2,2,2,3,2,4,5,4,4,2,5,2,3,3,3,5,5,4,3,5,5,4,3,3,5,4,3,2,3,1,1,2
synthetic-0143,3,3,1,2,2,5,4,1,1,2,1,1,4,4,,2,4,4,4,4,2,3,3,,5,3,3,2,4,3,4,5,1,2,2,4,4,1,4,3,5,4,1,2,2,3,4,3,2,3,1,1,5,,5,1,3,4,5,4
synthetic-0144,3,2,3,4,2,4,2,4,2,4,1,3,3,2,3,,3,,4,4,3,3,4,2,2,3,4,3,,2,4,3,3,4,5,3,1,4,1,5,4,2,1,3,4,2,2,4,2,4,2,5,4,1,3,3,5,1,3,3
synthetic-0145,2,5,5,3,,4,4,2,1,4,1,3,2,4,5,3,4,3,3,2,2,2,1,2,3,4,2,4,5,1,2,3,4,3,4,5,2,1,5,4,3,3,5,2,1,3,3,3,4,4,4,1,2,3,5,5,4,2,2,1
synthetic-0146,3,4,,5,4,1,5,5,4,3,3,3,1,1,2,4,3,2,2,5,4,2,2,1,4,3,2,1,3,3,3,4,3,5,4,3,5,4,3,4,1,4,5,4,3,2,3,3,5,5,4,2,2,1,4,3,2,2,3,4
synthetic-0147,4,5,5,4,5,3,2,1,1,5,1,1,2,4,2,4,2,5,1,1,2,2,2,2,1,3,3,5,4,2,4,,5,2,4,1,4,1,4,4,5,4,3,3,4,3,3,1,4,4,2,3,1,4,3,2,3,4,1,1
synthetic-0148,3,4,1,3,3,5,3,4,3,2,2,1,5,4,2,1,1,3,2,3,3,3,4,3,3,1,1,1,4,3,4,3,2,4,2,,4,4,2,4,2,4,2,3,3,5,3,5,2,3,3,1,4,3,2,1,2,1,2,5
synthetic-0149,3,4,5,3,2,2,2,3,1,2,3,3,1,3,,3,,4,3,4,,2,1,3,3,5,4,4,3,2,2,5,5,3,1,3,3,3,2,4,3,5,5,5,3,1,4,4,2,4,3,2,1,4,3,4,4,5,3,2
synthetic-0150,1,2,3,2,4,2,2,3,1,4,5,4,1,4,5,4,2,4,5,2,4,3,2,4,2,4,2,4,3,2,2,3,5,2,2,1,4,1,2,4,3,3,4,1,4,1,4,1,3,3,5,2,2,4,2,5,2,4,3,3
synthetic-0151,3,4,5,4,3,,1,2,2,2,3,4,2,3,1,3,3,5,1,4,3,3,2,3,1,3,4,3,,4,2,5,5,3,4,3,3,3,3,3,3,3,3,2,5,2,2,3,2,3,3,3,1,4,2,4,3,3,2,5
synthetic-0152,2,2,2,4,3,5,,2,4,4,4,3,4,2,4,4,4,3,4,2,4,,4,2,2,3,2,5,5,,3,1,3,4,3,2,2,3,2,2,2,3,2,1,2,4,3,3,2,2,5,4,4,3,1,2,3,5,2,4
synthetic-0153,,4,5,3,,4,5,3,2,5,5,1,1,3,4,1,2,3,5,1,3,1,2,2,3,4,2,1,2,1,4,4,5,3,3,4,5,5,3,5,2,5,4,3,2,3,5,3,3,5,3,2,1,1,5,3,3,1,3,2
synthetic-0154,4,3,4,4,3,4,3,3,3,1,1,2,4,3,3,3,5,4,3,5,2,4,3,3,5,4,4,3,,3,4,5,4,4,4,4,2,3,2,3,5,5,4,5,3,5,3,3,2,4,2,3,4,2,3,4,2,4,2,5
synthetic-0155,2,4,1,2,2,3,5,3,1,5,4,2,4,3,3,4,2,1,3,1,5,1,2,2,3,3,3,4,4,3,1,4,2,3,4,3,5,5,4,5,2,4,4,3,4,4,5,4,3,4,,1,4,4,2,2,2,4,4,2
synthetic-0156,4,4,1,4,4,4,5,3,4,2,2,3,2,2,1,2,2,1,1,3,2,4,2,2,2,,2,1,3,3,5,4,3,5,5,5,4,2,4,2,5,2,4,5,4,3,3,2,4,4,,1,3,5,1,2,,2,3,2
synthetic-0157,2,2,2,2,4,2,3,3,4,2,4,3,4,2,3,4,4,2,3,3,4,2,5,2,3,4,3,3,3,2,2,3,2,4,2,2,4,5,4,4,1,,2,3,5,1,4,5,3,4,4,2,5,3,1,4,2,3,3,3
synthetic-0158,1,4,4,5,2,3,5,3,3,4,,2,4,1,4,4,1,1,2,3,4,,1,1,5,,2,1,4,3,3,2,4,4,2,1,3,5,4,2,2,3,1,3,,2,4,3,3,3,3,4,4,1,3,4,4,1,4,2
synthetic-0159,3,5,5,4,1,1,4,4,4,4,4,1,2,1,3,5,3,3,4,4,4,2,4,3,4,4,4,5,3,2,4,5,4,4,3,1,3,3,2,3,2,5,4,,3,3,5,4,3,1,4,2,3,2,2,3,3,3,5,
synthetic-0160,4,4,3,4,5,3,5,1,4,3,3,2,4,3,3,1,2,5,1,2,2,2,3,2,2,4,2,3,1,4,3,,4,3,4,2,5,1,5,2,4,5,2,2,2,3,5,2,4,3,1,1,3,2,3,4,1,4,3,2
synthetic-0161,5,3,5,4,5,5,3,5,3,3,3,3,1,3,1,3,3,1,3,4,3,,1,1,1,1,4,3,2,3,4,3,5,4,5,4,3,4,4,3,5,1,4,4,5,4,3,3,5,3,1,2,2,1,1,2,3,4,1,4
synthetic-0162,3,2,4,2,4,2,4,1,3,1,3,3,3,5,3,4,2,3,4,4,,5,,5,4,5,4,4,4,,4,,3,1,3,,3,2,,2,3,3,4,1,1,3,3,1,4,1,4,3,2,4,4,4,4,2,4,5
synthetic-0163,2,3,3,5,3,2,4,5,4,4,1,3,3,2,2,4,3,1,2,,3,2,2,4,2,4,3,1,2,4,4,2,5,4,5,,3,5,4,3,1,1,3,3,4,2,3,3,3,3,2,2,3,2,3,3,1,2,1,3
synthetic-0164,3,3,2,2,3,4,5,4,2,4,,1,3,5,2,1,1,2,3,4,2,1,1,4,3,2,1,2,3,2,4,3,4,1,2,4,5,2,3,1,3,5,5,,3,5,5,1,3,4,1,2,2,3,4,3,2,3,4,3
synthetic-0165,3,4,2,4,5,2,3,3,2,2,3,1,1,3,2,3,4,3,1,2,3,,3,1,1,4,3,4,4,2,3,4,4,3,,2,2,,5,2,,2,4,5,5,2,2,1,4,5,5,3,3,3,1,5,4,5,2,1
synthetic-0166,2,3,3,,4,3,2,1,1,5,4,3,2,5,3,2,2,5,3,5,5,3,5,5,3,1,4,5,3,2,3,4,2,1,2,4,2,1,3,3,1,3,5,1,,2,4,1,3,3,4,3,4,,1,,4,4,4,4
synthetic-0167,2,2,1,2,1,1,4,3,1,,5,4,5,2,4,5,4,2,4,4,4,5,5,4,4,5,4,3,5,5,2,3,2,4,2,1,3,3,1,2,2,3,1,4,2,1,4,4,1,4,4,4,5,2,5,5,3,4,4,2
synthetic-0168,1,3,1,2,1,1,1,3,3,1,3,3,5,3,4,5,4,3,3,3,5,1,5,2,3,5,5,5,4,3,3,1,1,4,2,1,2,1,4,3,1,2,1,2,1,1,2,3,4,4,4,4,4,2,4,5,5,3,2,3
synthetic-0169,1,3,1,1,2,2,5,4,2,4,4,3,2,3,3,4,3,2,1,1,3,1,4,5,2,2,2,2,1,3,3,4,2,3,3,2,2,4,5,5,2,4,2,2,3,3,,3,5,4,3,2,4,4,5,5,4,3,2,1
synthetic-0170,1,3,2,3,2,2,4,1,2,4,4,5,4,4,2,4,2,5,3,2,5,5,5,4,3,3,5,4,3,1,1,2,3,2,4,4,2,1,2,5,2,3,2,2,,3,1,1,2,2,5,4,3,3,2,4,2,4,1,3
synthetic-0171,,2,2,4,5,3,4,3,1,2,5,5,5,3,2,4,5,1,1,3,5,5,5,3,1,3,3,3,2,2,1,2,1,5,5,2,3,2,2,3,2,2,3,3,3,3,3,3,4,4,5,4,4,1,2,5,4,1,,4
synthetic-0172,2,3,3,3,2,2,1,4,4,2,5,4,4,2,3,4,4,1,3,3,5,5,,3,4,4,4,2,2,5,3,2,1,5,,1,,5,4,1,3,2,,5,2,1,1,5,4,1,5,5,4,3,5,4,2,1,2,5
synthetic-0173,3,5,2,2,3,3,2,2,4,4,,2,5,3,3,,2,4,3,1,5,1,5,4,3,2,3,2,2,3,1,4,1,5,3,4,3,3,4,4,2,5,1,1,3,2,2,4,3,4,5,2,5,5,4,3,3,3,1,2
synthetic-0174,4,4,4,5,2,3,3,4,5,4,1,2,1,2,5,2,1,2,4,4,1,1,2,1,3,3,3,3,3,3,4,,5,5,5,4,4,4,3,4,4,5,4,5,,3,5,4,2,5,1,1,2,2,2,1,2,1,3,3
synthetic-0175,4,5,1,4,3,4,4,3,1,4,2,3,4,4,4,1,3,2,4,3,3,2,4,3,3,1,2,3,5,4,2,4,3,4,2,3,2,5,1,2,3,2,1,4,3,5,4,5,1,2,4,4,4,2,5,2,2,2,4,3
synthetic-0176,2,3,4,2,2,1,1,3,3,2,1,3,2,3,5,5,3,3,3,2,4,3,3,3,5,5,2,3,2,4,4,3,5,2,3,1,3,1,2,3,3,3,3,3,2,2,3,2,3,3,1,3,2,4,3,3,1,3,2,2
synthetic-0177,1,1,2,2,4,5,2,4,2,3,2,4,4,1,3,3,4,1,3,3,3,4,3,3,3,3,4,3,4,3,3,1,2,3,2,4,2,3,3,2,1,4,3,3,4,4,3,3,4,1,5,4,3,4,2,2,5,1,3,5
synthetic-0178,5,2,3,3,2,5,5,1,1,3,2,3,4,4,4,2,3,1,4,2,2,4,4,2,4,1,2,4,5,,4,2,2,3,1,5,5,2,2,4,3,2,4,3,1,5,5,2,1,3,4,4,4,4,5,1,2,3,4,4
synthetic-0179,4,2,2,2,3,,2,3,3,,1,3,4,4,3,1,2,5,2,4,3,1,3,5,2,1,5,5,4,4,5,3,3,1,2,5,4,2,1,2,3,2,3,3,2,5,3,2,2,3,2,3,5,5,,2,5,4,3,1
synthetic-0180,3,5,4,3,3,1,2,5,4,2,5,3,4,3,3,4,2,3,5,3,4,4,2,2,4,5,3,4,2,5,4,1,3,2,,1,4,5,4,2,1,4,2,5,3,1,2,4,1,1,3,2,1,4,5,5,2,2,4,5
synthetic-0181,4,3,,3,2,3,3,,3,3,4,3,3,2,1,5,3,4,4,4,5,2,3,3,5,4,4,3,4,3,1,3,3,3,1,1,3,3,3,4,2,4,2,5,1,2,4,2,,4,3,2,2,2,4,5,5,4,2,3
synthetic-0182,3,3,4,1,3,3,3,4,1,4,2,4,1,4,4,2,4,4,4,3,2,3,4,5,5,1,5,2,4,3,4,2,4,2,1,3,3,4,1,,3,1,4,3,1,4,2,2,5,4,1,3,2,3,4,3,5,2,1,3
synthetic-0183,5,2,2,3,2,3,2,2,3,3,3,4,3,5,3,2,2,2,1,,1,4,2,4,3,2,3,3,3,5,,2,4,3,3,3,4,5,4,5,3,3,3,4,,1,2,2,3,2,1,,2,3,5,4,4,5,1,5
synthetic-0184,3,5,4,4,2,4,3,5,2,4,4,1,2,3,5,1,3,1,4,1,3,2,3,2,3,2,2,1,5,3,5,5,5,5,2,3,4,5,2,4,4,4,4,4,1,4,3,5,2,4,2,1,2,1,3,3,1,1,5,3
synthetic-0185,5,3,3,4,4,5,1,4,5,2,2,2,4,4,3,3,2,2,1,3,2,3,5,1,2,2,1,2,2,4,5,1,3,4,5,2,4,3,5,3,5,2,2,2,2,5,5,2,5,2,2,2,3,4,2,1,2,2,2,4
synthetic-0186,5,3,4,2,2,3,1,2,4,3,3,4,1,2,3,4,3,2,3,3,4,2,2,5,3,2,2,5,4,3,4,3,5,3,3,3,3,4,1,4,5,2,3,2,2,3,5,2,3,3,1,4,2,3,3,2,3,5,5,4
synthetic-0187,3,5,2,3,5,2,5,,2,4,4,2,5,1,1,5,1,2,4,2,3,1,4,1,3,3,2,4,2,2,2,5,,4,3,2,5,1,,5,2,5,,4,3,2,5,4,2,,2,1,,3,4,5,2,2,4,1
synthetic-0188,2,2,2,,4,2,2,2,2,2,4,2,1,2,,3,5,3,,4,4,4,2,3,4,4,4,4,1,5,1,3,3,2,3,2,3,1,3,4,2,4,5,3,4,2,2,1,4,2,3,3,3,3,3,4,5,3,5,4
synthetic-0189,4,3,3,4,1,3,5,5,,5,1,3,2,3,4,3,1,1,1,1,3,1,4,1,2,2,1,2,4,2,4,4,2,2,4,3,5,4,3,2,4,5,3,3,2,4,5,5,4,5,2,3,4,2,3,2,1,1,3,2
synthetic-0190,3,2,,2,3,2,2,3,3,4,3,3,3,2,3,4,1,5,4,2,3,4,4,2,2,3,1,4,3,1,1,5,3,1,3,3,4,1,1,4,2,5,2,1,3,1,4,1,1,4,3,3,,3,3,3,3,5,5,1
synthetic-0191,4,2,,5,2,5,5,5,4,2,2,5,1,1,2,1,4,1,2,3,1,5,1,1,3,1,3,2,2,3,3,2,5,5,4,5,1,5,5,3,4,1,,5,3,5,3,2,2,4,,5,1,1,2,1,4,2,2,3
synthetic-0192,1,5,4,4,3,3,3,4,1,1,4,2,3,2,3,5,2,1,4,3,4,3,3,3,3,5,1,2,5,4,3,4,4,3,2,1,5,4,1,2,2,4,2,5,4,2,4,4,2,1,4,3,3,2,4,5,1,1,4,3
synthetic-0193,2,4,5,2,2,2,4,4,2,4,4,1,1,3,3,5,2,3,4,2,5,3,1,2,3,4,4,3,3,1,3,4,4,4,,2,2,3,1,4,1,3,5,2,3,2,4,3,1,5,4,2,1,3,4,3,3,1,4,2
synthetic-0194,,4,3,4,4,3,5,3,4,3,3,1,4,5,3,2,1,3,2,3,5,2,4,4,2,1,3,3,3,2,1,4,1,4,2,2,3,4,3,5,4,3,3,4,3,3,3,5,4,4,2,2,5,3,4,2,3,2,4,3
synthetic-0195,1,2,1,,1,4,5,,2,4,4,3,5,2,4,2,3,3,2,3,4,4,5,1,4,3,5,1,3,3,1,,1,2,2,3,3,4,3,2,2,4,2,5,1,3,5,3,,3,2,3,4,5,4,4,3,2,2,4
synthetic-0196,2,4,2,2,1,3,5,3,1,4,2,,3,4,4,4,2,2,3,2,4,2,1,5,1,4,2,1,4,3,5,4,4,2,4,2,,4,2,3,2,4,4,3,5,4,3,5,3,5,2,2,2,4,,3,2,3,4,2
synthetic-0197,2,2,1,3,5,3,5,5,4,3,4,1,3,4,1,4,5,1,2,3,5,2,,1,1,2,3,2,1,2,4,5,2,4,4,3,4,3,3,4,2,2,1,4,4,3,,4,3,2,,2,3,2,1,3,3,2,2,2
synthetic-0198,2,4,3,4,2,3,4,2,3,4,3,1,3,3,4,3,,2,4,1,3,1,3,2,4,4,1,2,2,1,5,4,2,5,4,4,,5,1,4,4,4,4,3,3,2,5,5,3,5,1,1,4,4,3,2,1,4,5,3
synthetic-0199,1,5,1,,4,3,3,3,1,3,4,2,4,1,4,3,2,1,3,3,3,1,5,3,5,2,1,4,2,1,3,4,1,3,2,3,4,3,2,5,2,3,1,4,1,3,3,3,2,3,5,3,5,1,,3,1,2,5,3
synthetic-0200,3,4,3,2,4,5,,3,3,4,1,4,5,5,3,2,3,4,2,2,2,3,5,4,3,2,1,4,2,2,4,3,1,3,4,3,3,1,3,3,4,3,1,3,2,5,3,2,5,4,3,3,5,5,3,3,4,3,2,1
synthetic-0201,5,3,1,1,4,5,4,2,4,4,2,,5,3,1,1,3,4,1,2,,3,,3,1,2,1,3,1,4,5,4,1,3,5,3,,3,4,4,5,2,2,4,5,4,4,3,4,4,3,5,4,4,,1,4,3,2,1
synthetic-0202,3,2,3,4,2,1,1,3,3,3,5,3,2,3,2,,2,2,4,4,5,4,3,4,4,4,2,2,4,4,2,3,3,5,1,4,5,4,1,1,3,3,3,4,2,1,2,3,5,3,4,3,2,1,5,3,3,2,3,3
synthetic-0203,1,2,3,5,2,2,2,4,3,3,4,5,1,4,1,5,3,2,1,4,4,4,3,2,4,5,3,1,2,4,2,2,3,5,3,2,2,3,3,1,1,2,4,4,4,1,2,4,4,1,4,4,4,3,4,5,3,1,2,3
synthetic-0204,4,3,4,4,3,3,3,1,5,2,4,5,2,3,2,1,3,3,1,4,5,3,2,4,2,3,2,3,2,3,3,2,3,2,2,3,3,3,4,3,3,2,3,2,5,3,3,4,,1,2,3,4,,1,2,3,3,3,5
synthetic-0205,4,1,2,3,3,3,2,1,4,2,3,5,4,4,3,4,3,3,3,2,4,5,5,5,4,4,2,3,2,4,3,2,2,4,3,2,2,4,5,1,4,1,1,2,4,2,3,3,3,2,1,5,4,4,3,2,3,2,4,4
synthetic-0206,1,4,3,5,3,3,4,4,3,3,5,1,3,2,3,4,2,2,3,4,2,1,4,4,4,4,3,1,4,2,1,4,3,4,4,3,4,4,2,1,,3,3,3,1,3,4,5,2,3,4,3,3,2,2,4,1,2,4,5
synthetic-0207,1,5,4,,5,2,5,2,,5,5,1,1,2,3,4,1,,1,1,5,2,2,2,2,4,1,4,1,1,1,4,5,5,3,3,4,2,5,4,2,5,5,,4,1,4,3,4,5,5,,3,2,1,5,2,3,1,1
synthetic-0208,2,2,4,4,4,2,3,3,3,3,3,3,1,1,3,4,,3,5,2,4,4,5,1,3,2,4,2,4,4,2,2,4,3,4,2,2,3,4,1,2,1,3,4,2,2,2,5,3,2,3,,4,1,2,3,3,4,4,5
synthetic-0209,5,5,4,4,1,4,4,2,,4,1,1,4,3,3,3,1,5,3,,3,1,4,2,3,2,1,1,4,,4,4,2,2,2,5,4,1,5,3,5,5,4,1,1,5,5,2,3,4,2,2,1,3,5,1,2,4,3,4
synthetic-0210,3,1,2,4,2,3,3,1,2,2,2,4,3,1,5,,3,4,4,3,3,4,2,3,4,1,3,2,4,5,5,4,2,3,1,3,1,2,1,3,4,3,3,3,3,5,2,3,1,3,1,3,4,5,4,3,2,4,,4
synthetic-0211,1,4,3,2,4,1,5,3,3,3,4,1,2,4,2,5,2,3,4,1,2,2,2,2,1,5,1,3,4,,3,3,2,2,5,2,5,1,5,3,1,2,2,3,4,2,4,3,4,4,5,1,2,1,2,5,2,4,3,2
synthetic-0212,2,4,5,1,2,2,2,2,2,5,3,1,2,4,5,4,4,5,4,2,4,1,4,5,3,4,2,4,3,3,2,4,5,1,4,3,4,4,1,5,2,5,4,1,4,4,4,3,4,3,2,1,1,5,4,5,3,4,3,1
synthetic-0213,5,1,4,3,3,4,1,3,2,3,,3,1,3,4,1,4,2,4,2,1,2,2,5,5,2,5,1,4,1,4,2,5,4,1,5,2,2,3,2,5,5,5,3,1,5,1,4,3,4,1,4,1,3,4,2,5,3,,2
synthetic-0214,4,3,4,2,4,5,4,2,5,3,4,3,3,5,4,4,2,2,3,3,4,3,3,5,3,1,5,4,1,3,1,2,3,4,5,3,1,2,4,3,2,3,4,2,3,2,3,3,3,1,3,5,3,3,2,2,3,4,3,5
synthetic-0215,2,2,4,4,5,4,3,4,4,3,,5,2,4,1,1,2,1,3,4,3,4,2,3,1,4,4,3,3,3,3,3,3,3,5,3,3,4,4,2,1,3,3,4,5,3,1,4,5,2,3,2,1,2,1,4,2,2,2,3
synthetic-0216,4,2,3,3,4,2,2,4,5,1,4,1,4,3,3,5,2,3,3,2,3,2,4,1,3,5,4,1,2,2,4,5,3,2,3,1,3,1,4,4,5,5,2,3,3,2,2,3,,2,3,2,3,3,2,4,4,5,2,4
synthetic-0217,5,1,,5,3,4,,4,2,3,2,5,2,2,4,1,3,1,3,4,2,5,2,3,3,1,2,1,3,3,4,2,5,2,1,3,2,5,3,1,4,1,5,5,2,5,1,5,2,2,1,5,1,2,4,2,4,2,4,5
synthetic-0218,5,2,2,2,4,4,3,3,4,3,1,4,5,2,1,1,4,4,4,4,2,5,,3,1,1,3,2,2,3,5,3,2,2,4,5,2,2,3,2,5,2,2,2,4,5,4,1,1,4,1,4,4,3,1,1,3,1,3,2
synthetic-0219,4,3,3,3,1,3,5,3,3,,3,3,2,2,5,4,4,3,2,3,5,2,3,2,4,3,2,,3,3,3,5,2,4,1,5,3,4,4,3,3,3,3,5,2,1,5,,2,3,2,3,3,2,5,1,4,1,2,3
synthetic-0220,3,4,3,3,2,3,3,3,2,1,4,3,4,4,4,5,2,4,4,3,3,3,4,4,5,4,5,2,5,3,1,3,2,4,1,1,4,4,2,5,3,4,3,2,3,1,3,4,2,2,2,1,3,3,4,5,3,3,4,3
synthetic-0221,2,3,4,2,4,1,3,3,1,4,4,2,3,5,3,2,5,3,5,5,5,4,3,5,4,3,4,5,5,2,1,2,3,4,1,2,3,2,4,2,2,1,3,4,3,1,3,2,1,3,4,2,2,3,5,4,2,4,5,2
synthetic-0222,3,1,1,2,3,3,4,3,4,5,3,3,4,1,1,3,3,5,4,3,3,4,5,4,3,,2,4,2,4,4,4,3,2,4,5,4,1,2,3,4,4,1,3,4,4,2,2,4,1,1,5,5,3,1,2,3,2,3,4
synthetic-0223,3,,2,4,1,2,1,2,3,5,3,3,5,2,4,3,3,4,3,3,4,3,5,4,5,2,3,2,1,3,2,3,1,5,1,3,1,3,2,,3,2,1,3,1,3,5,1,4,3,5,2,4,3,3,3,,3,4,3
synthetic-0224,5,5,2,2,2,3,3,3,2,3,3,4,3,4,3,3,1,2,4,2,1,2,3,2,3,1,3,2,4,3,4,5,4,2,4,3,4,5,4,4,5,4,5,2,2,4,4,4,2,4,3,2,3,4,5,,2,2,4,2
synthetic-0225,2,3,1,4,4,1,1,4,3,2,4,2,4,1,3,3,2,3,4,4,2,5,3,2,,2,4,4,3,3,2,1,1,3,4,3,3,2,2,1,1,3,3,4,2,3,,4,1,1,4,4,5,3,3,1,3,4,3,4
synthetic-0226,3,2,3,3,5,4,1,2,4,4,1,3,,3,3,2,5,4,4,4,1,5,5,4,2,1,5,2,2,4,4,2,2,2,4,5,1,4,5,3,4,1,1,1,4,5,,3,5,1,,4,4,4,1,2,4,3,4,4
synthetic-0227,3,4,5,5,2,4,3,4,2,1,3,2,2,1,4,3,4,1,2,2,2,4,4,3,4,4,4,2,3,4,5,4,4,4,3,,3,4,2,3,2,3,4,5,3,1,2,4,3,4,2,2,2,1,5,3,4,1,4,4
synthetic-0228,5,3,4,4,3,4,4,2,3,2,1,4,1,2,2,1,5,3,3,4,2,4,3,5,5,3,1,2,5,4,5,3,3,3,2,4,3,3,4,2,3,2,3,3,3,3,3,3,2,1,1,4,2,,4,1,2,4,4,3
synthetic-0229,1,2,5,2,4,1,2,3,4,2,5,5,4,3,,4,4,4,2,4,5,,2,4,2,4,4,1,1,4,3,2,4,4,2,3,2,4,4,2,1,3,1,3,4,2,3,4,4,1,5,3,3,2,1,4,4,3,2,5
synthetic-0230,4,1,3,4,5,2,2,4,5,1,2,3,3,3,2,3,5,3,1,5,5,5,3,3,1,4,5,3,1,5,3,3,4,,5,3,1,5,5,1,4,4,3,1,5,5,3,3,5,1,3,3,2,5,1,1,5,2,1,4
synthetic-0231,2,3,3,2,3,1,3,2,3,4,5,3,5,5,3,4,3,4,4,2,5,2,3,4,3,5,2,,3,2,1,4,2,3,3,2,4,3,2,4,2,3,4,2,3,1,3,4,5,5,5,3,3,1,2,5,4,4,3,4
synthetic-0232,4,1,2,2,2,1,4,5,4,2,4,4,2,5,2,4,2,2,2,3,,2,2,4,4,4,3,3,2,5,3,2,4,2,5,3,2,,4,2,4,4,4,2,2,3,4,2,3,3,1,1,1,5,4,3,3,3,2,3
synthetic-0233,3,5,1,2,4,5,5,3,3,2,2,3,4,3,2,2,2,3,,,3,2,3,3,2,2,3,2,,3,2,5,2,3,2,4,5,2,4,4,3,3,2,3,3,5,4,2,4,4,5,3,3,2,3,3,1,5,1,3
synthetic-0234,3,1,3,4,2,1,1,3,4,1,2,5,2,3,2,3,5,2,4,3,4,4,4,2,5,2,5,2,1,5,3,1,5,5,1,2,4,5,4,2,5,1,5,4,4,3,1,5,5,1,3,5,3,1,3,2,5,3,2,4
synthetic-0235,1,,2,1,3,3,5,1,2,3,3,4,3,5,2,1,1,4,,2,3,2,5,5,2,1,3,4,3,3,1,3,,1,,5,5,1,3,,4,2,3,1,3,3,2,,4,1,3,3,5,5,2,3,3,3,,3
synthetic-0236,2,3,4,4,4,1,2,1,2,1,,5,4,2,1,2,3,2,3,5,3,2,3,2,1,4,4,3,3,3,2,1,,2,3,2,2,4,3,4,1,3,1,4,3,2,1,4,2,2,5,3,4,1,5,4,5,3,3,2
synthetic-0237,3,2,3,5,3,3,4,2,2,4,4,4,2,3,3,4,4,3,5,2,4,2,3,1,4,3,2,3,4,1,1,3,3,2,4,2,3,3,2,2,2,3,3,5,3,4,4,3,2,1,3,5,2,3,4,2,3,5,3,2
synthetic-0238,3,4,3,3,4,2,1,4,3,2,3,2,4,2,3,2,4,4,4,4,4,4,3,3,5,2,3,2,5,4,1,3,2,4,4,4,1,5,4,2,3,2,1,5,4,4,2,5,3,1,1,2,3,4,4,2,4,3,5,2
synthetic-0239,3,2,2,4,4,4,4,1,3,5,3,3,2,3,3,2,4,4,3,3,5,3,1,2,2,5,2,4,2,3,5,3,3,2,2,4,4,2,2,3,4,,4,5,3,5,5,3,3,2,2,3,2,3,4,2,3,4,5,3
synthetic-0240,3,1,3,5,5,4,1,5,4,1,4,5,1,3,1,1,5,1,3,5,3,4,2,1,1,3,5,1,2,4,2,1,,5,4,5,3,,5,1,2,1,3,5,5,4,2,4,4,3,3,5,,,2,1,5,1,1,4
